{"inputUnits":[34],"outputUnits":2,"inputs":{"0":{"dtype":"number","min":280.88490289472884,"max":398.75762100813455},"1":{"dtype":"number","min":166.17963738942424,"max":220.84773557195405},"2":{"dtype":"number","min":291.93173300895245,"max":405.11403480856336},"3":{"dtype":"number","min":152.8460746794823,"max":205.78728642445128},"4":{"dtype":"number","min":267.00256585147133,"max":382.1365843301617},"5":{"dtype":"number","min":156.33345993576347,"max":207.08045276686374},"6":{"dtype":"number","min":307.0565475285749,"max":438.6546465580565},"7":{"dtype":"number","min":158.59368480133176,"max":208.03869047053593},"8":{"dtype":"number","min":244.45023236107733,"max":412.49873773597096},"9":{"dtype":"number","min":164.42731508485073,"max":211.07432680835058},"10":{"dtype":"number","min":237.09571779006185,"max":505.211985547255},"11":{"dtype":"number","min":226.38744903445706,"max":289.9137385624392},"12":{"dtype":"number","min":215.4893036482399,"max":492.78772613881625},"13":{"dtype":"number","min":225.02687684292925,"max":292.03690940767876},"14":{"dtype":"number","min":210.04397618631444,"max":573.8911574545538},"15":{"dtype":"number","min":238.71457030337143,"max":382.2761292216379},"16":{"dtype":"number","min":142.41535468787998,"max":543.0886425211272},"17":{"dtype":"number","min":241.60675553496247,"max":391.6431032173365},"18":{"dtype":"number","min":178.28319980012768,"max":547.3025263329888},"19":{"dtype":"number","min":183.4254425880046,"max":432.2157709143969},"20":{"dtype":"number","min":145.85322636110774,"max":522.8725166172369},"21":{"dtype":"number","min":198.84033987958145,"max":457.615278073322},"22":{"dtype":"number","min":235.23984471183806,"max":484.8376340161038},"23":{"dtype":"number","min":391.61945625038,"max":512.3806917064385},"24":{"dtype":"number","min":232.9272377815692,"max":473.7679091872872},"25":{"dtype":"number","min":384.39566408149926,"max":520.4984452659518},"26":{"dtype":"number","min":244.6409915671738,"max":475.11334133519273},"27":{"dtype":"number","min":471.4481635780186,"max":584.8362619125426},"28":{"dtype":"number","min":245.8330616041844,"max":463.64565481935495},"29":{"dtype":"number","min":475.8075672550424,"max":588.6429462358645},"30":{"dtype":"number","min":241.36343633154488,"max":486.3910630519288},"31":{"dtype":"number","min":540.5572604761977,"max":594.0035452638618},"32":{"dtype":"number","min":246.67940844821558,"max":475.47293844853857},"33":{"dtype":"number","min":539.4354426165036,"max":593.784034818063}},"outputs":{"0":{"dtype":"string","min":0,"max":1,"uniqueValues":["Choko Tsuki","Kagi Tsuki"],"legend":{"Choko Tsuki":[1,0],"Kagi Tsuki":[0,1]}}},"isNormalized":true}