{"inputUnits":[34],"outputUnits":6,"inputs":{"0":{"dtype":"number","min":164.73195591789275,"max":511.42804513181693},"1":{"dtype":"number","min":170.68640801693215,"max":269.4609770422316},"2":{"dtype":"number","min":177.60217570145306,"max":520.3955992464889},"3":{"dtype":"number","min":161.234133828011,"max":259.51949301396826},"4":{"dtype":"number","min":153.7831614453505,"max":500.1746887919504},"5":{"dtype":"number","min":163.41584350348447,"max":260.156533801602},"6":{"dtype":"number","min":195.26105977217975,"max":535.9125444582928},"7":{"dtype":"number","min":173.6931090596121,"max":268.479524011278},"8":{"dtype":"number","min":134.40736644462854,"max":480.77090103802516},"9":{"dtype":"number","min":174.0138618677043,"max":265.71780668622324},"10":{"dtype":"number","min":210.68559104830373,"max":551.1784380604785},"11":{"dtype":"number","min":226.92693688062377,"max":320.18454852271174},"12":{"dtype":"number","min":108.97193404023285,"max":459.70278491305936},"13":{"dtype":"number","min":228.75214216774077,"max":318.2932117477001},"14":{"dtype":"number","min":227.6418639899228,"max":565.2013459558153},"15":{"dtype":"number","min":239.1497504015377,"max":377.9451861548517},"16":{"dtype":"number","min":79.7066885209733,"max":451.2717612893665},"17":{"dtype":"number","min":224.1002788617917,"max":377.73426575419506},"18":{"dtype":"number","min":170.19756866336334,"max":561.5099946255814},"19":{"dtype":"number","min":218.3506092116063,"max":392.78958925477264},"20":{"dtype":"number","min":84.7134072864102,"max":517.4062828331142},"21":{"dtype":"number","min":212.8406996671328,"max":430.58169472542255},"22":{"dtype":"number","min":203.97615069081348,"max":539.9465752390108},"23":{"dtype":"number","min":382.1043342560646,"max":463.18188262820706},"24":{"dtype":"number","min":132.42297814513924,"max":475.51033524687654},"25":{"dtype":"number","min":383.0649789298091,"max":465.4828047102991},"26":{"dtype":"number","min":182.56025143634486,"max":538.986491043744},"27":{"dtype":"number","min":495.9715015693397,"max":570.7740908374119},"28":{"dtype":"number","min":130.78432075708292,"max":478.21653859624604},"29":{"dtype":"number","min":493.37268873875246,"max":568.5514421871201},"30":{"dtype":"number","min":160.36789415411448,"max":528.5285445038911},"31":{"dtype":"number","min":546.7888668075146,"max":586.8626029760458},"32":{"dtype":"number","min":153.27363782355758,"max":482.3150729761977},"33":{"dtype":"number","min":549.0439733364238,"max":590.4324637683914}},"outputs":{"0":{"dtype":"string","min":0,"max":1,"uniqueValues":["Choko Tsuki - Right","Choko Tsuki - Left","Kagi Tsuki - Right","Kagi Tsuki - Left","Heiko Dachi","Kiba Dachi"],"legend":{"Choko Tsuki - Right":[1,0,0,0,0,0],"Choko Tsuki - Left":[0,1,0,0,0,0],"Kagi Tsuki - Right":[0,0,1,0,0,0],"Kagi Tsuki - Left":[0,0,0,1,0,0],"Heiko Dachi":[0,0,0,0,1,0],"Kiba Dachi":[0,0,0,0,0,1]}}},"isNormalized":true}